<?xml version="1.0" encoding="UTF-8" standalone="yes"?>
<OfficeApp xmlns="http://schemas.microsoft.com/office/appforoffice/1.1" xmlns:xsi="http://www.w3.org/2001/XMLSchema-instance" xmlns:bt="http://schemas.microsoft.com/office/officeappbasictypes/1.0" xmlns:ov="http://schemas.microsoft.com/office/taskpaneappversionoverrides" xsi:type="TaskPaneApp">
  <Id>649ea287-4095-436a-a9eb-8d4ddc9c8e03</Id>
  <Version>24.7.0.0</Version>
  <ProviderName>Aspose.Cells</ProviderName>
  <DefaultLocale>en-US</DefaultLocale>
  <DisplayName DefaultValue="Aspose.Cells.WebAddin"/>
  <Description DefaultValue="Aspose.Cells add-in for Microsoft 365 Excel supports converting your Excel workbooks to other document formats."/>
  <IconUrl DefaultValue="https://localhost:15111/assets/icon-32.png"/>
  <HighResolutionIconUrl DefaultValue="https://localhost:15111/assets/icon-64.png"/>
  <SupportUrl DefaultValue="https://forum.aspose.com/c/cells/9"/>
  <AppDomains>
    <AppDomain>https://localhost:15111</AppDomain>
  </AppDomains>
  <Hosts>
    <Host Name="Workbook"/>
  </Hosts>
  <DefaultSettings>
    <SourceLocation DefaultValue="https://localhost:15111/taskpane.html"/>
  </DefaultSettings>
  <Permissions>ReadWriteDocument</Permissions>
  <VersionOverrides xmlns="http://schemas.microsoft.com/office/taskpaneappversionoverrides" xsi:type="VersionOverridesV1_0">
    <Hosts>
      <Host xsi:type="Workbook">
        <DesktopFormFactor>
          <GetStarted>
            <Title resid="GetStarted.Title"/>
            <Description resid="GetStarted.Description"/>
            <LearnMoreUrl resid="GetStarted.LearnMoreUrl"/>
          </GetStarted>
          <FunctionFile resid="Commands.Url"/>
          <ExtensionPoint xsi:type="PrimaryCommandSurface">
            <OfficeTab id="TabHome">
              <Group id="CommandsGroup">
                <Label resid="CommandsGroup.Label"/>
                <Icon>
                  <bt:Image size="16" resid="Icon.16x16"/>
                  <bt:Image size="32" resid="Icon.32x32"/>
                  <bt:Image size="80" resid="Icon.80x80"/>
                </Icon>
                <Control xsi:type="Button" id="TaskpaneButton">
                  <Label resid="TaskpaneButton.Label"/>
                  <Supertip>
                    <Title resid="TaskpaneButton.Label"/>
                    <Description resid="TaskpaneButton.Tooltip"/>
                  </Supertip>
                  <Icon>
                    <bt:Image size="16" resid="Icon.16x16"/>
                    <bt:Image size="32" resid="Icon.32x32"/>
                    <bt:Image size="80" resid="Icon.80x80"/>
                  </Icon>
                  <Action xsi:type="ShowTaskpane">
                    <TaskpaneId>ButtonId1</TaskpaneId>
                    <SourceLocation resid="Taskpane.Url"/>
                  </Action>
                </Control>
              </Group>
            </OfficeTab>
          </ExtensionPoint>
        </DesktopFormFactor>
      </Host>
    </Hosts>
    <Resources>
      <bt:Images>
        <bt:Image id="Icon.16x16" DefaultValue="https://localhost:15111/assets/icon-16.png"/>
        <bt:Image id="Icon.32x32" DefaultValue="https://localhost:15111/assets/icon-32.png"/>
        <bt:Image id="Icon.80x80" DefaultValue="https://localhost:15111/assets/icon-80.png"/>
      </bt:Images>
      <bt:Urls>
        <bt:Url id="GetStarted.LearnMoreUrl" DefaultValue="https://products.aspose.com/cells/"/>
        <bt:Url id="Commands.Url" DefaultValue="https://localhost:15111/commands.html"/>
        <bt:Url id="Taskpane.Url" DefaultValue="https://localhost:15111/taskpane.html"/>
      </bt:Urls>
      <bt:ShortStrings>
        <bt:String id="GetStarted.Title" DefaultValue="Get started with Aspose.Cells for Microsoft Excel add-in!"/>
        <bt:String id="CommandsGroup.Label" DefaultValue="Aspose.Cells For Excel"/>
        <bt:String id="TaskpaneButton.Label" DefaultValue="Aspose.Cells"/>
      </bt:ShortStrings>
      <bt:LongStrings>
        <bt:String id="GetStarted.Description" DefaultValue="Aspose.Cells add-in for Microsoft 365 Excel supports converting your Excel workbooks to other document formats. Try it out!"/>
        <bt:String id="TaskpaneButton.Tooltip" DefaultValue="Click to Show a Taskpane"/>
      </bt:LongStrings>
    </Resources>
  </VersionOverrides>
</OfficeApp>